candidate_id	topic	candidate_form	construction_type	subject_relation	linked_clause_subject	matrix_or_following_clause_subject	source_reference	source_zone	tedim_text	segmentation	gloss	translation	candidate_status	print_status	diagnostic_status	why_selected	caveat
sr-bawlin-gen11p4	switch_reference	bawlin	same_subject_converb	same_subject	eite	eite	Genesis 11:4	Old Testament	Tua ciangin amaute in, “Hong pai un, leitung buppi-ah eite i kithehthang gawp loh nadingin ei a dingin khuapi khat bawlin, a dawn in vantung a ban ding tausang khat lamin, eite' minthan nading khat bawl ni,” ci uh hi.	amaute in | Hong pai un | leitung buppi-ah | eite i kithehthang gawp loh nadingin | ei a dingin | khuapi khat | bawl-in | a dawn in | vantung a ban ding | tausang khat | lam-in | eite' minthan nading | khat bawl ni	that | 3PL.PRO | go-IMP.PL | land all-big-LOC | 1PL.INCL REFL-scatter all NEG-NMLZ PURP.ERG | 1PL.INCL 3SG IRR | village one | make-CVB | 3SG top ERG | heaven 3SG ban IRR | tower one | direction-ERG | 1PL.POSS name PURP | one make IMP.PL	And they said, Go to, let us build us a city and a tower, whose top may reach unto heaven; and let us make us a name, lest we be scattered abroad upon the face of the whole earth.	accepted	print_ready	same_subject_diagnostic	Clear same-subject converb chain with secure bawl-in morphology and explicit controller continuity.	Imperative quotation context, but the same subject continues into the following clause.
sr-semin-deut10p20	switch_reference	semin	same_subject_converb	same_subject	note	note	Deuteronomy 10:20	Old Testament	Topa note' Pasian na zahtak ding uh a, ama na semin, amah beelin, ama min tawh na kiciam ding uh hi.	Topa | note' | Pasian | na | zahtak | ding | uh | a | ama | na | sem-in | amah | beel-in | ama | min | tawh | na | ki-ciam | ding | uh | hi	LORD | 2PL.POSS | God | 2SG | fear | IRR | 2/3PL | CONJ | 3SG | 2SG | serve-CVB | 3SG | cleave-CVB | 3SG | name | COM | 2SG | covenant | IRR | 2/3PL | DECL	Thou shalt fear the LORD thy God; him shalt thou serve, and to him shalt thou cleave, and swear by his name.	accepted	print_ready	same_subject_diagnostic	Explicit same-subject command chain with secure sem-in morphology and repeated 2PL controller.	Command chain, but the subject continuity is explicit and stable.
sr-ahih-ciangin-gen1p21	switch_reference	ahih ciangin	different_subject_temporal_support	ambiguous	implicit / not overtly recoverable	Pasian	Genesis 1:21	Old Testament	Tua ahih ciangin Pasian in tuipi ganhing golpite le amau nam ciatin tuipi sungah tampi a pha, nuntakna a nei a gamtang thei ganhing namkim le kha a nei vasa khempeuh amau nam ciatin a piangsak hi.	Tua | ahih | ciang-in | Pasian | in | tuipi | ganhing | gol-pi-te | le | amau | nam | ciatin | tuipi | sung-ah | tampi | a | pha | nuntakna | a | nei | a | gamtang | thei | ganhing | namkim | le | kha | a | nei | vasa | khempeuh | amau | nam | ciatin | a | piangsak | hi	that | be.3SG.REL | then-ERG | God | ERG | water-big | animal | creature-great-PL | and | 3PL.PRO | nation | each.kind | water-big | inside-LOC | many | 3SG | make | life | 3SG | have | 3SG | act | can | animal | all | and | spirit | 3SG | have | bird | all | 3PL.PRO | nation | each.kind | 3SG | create | DECL	And God created great whales, and every living creature that moveth, which the waters brought forth abundantly, after their kind, and every winged fowl after his kind.	accepted_with_caveat	supporting_candidate	switch_reference_like_support	Source-resolved support row that keeps the report's DS-looking pattern visible without promoting it as a dedicated marker.	Temporal / relative overlap remains too strong for a print claim.
sr-ngenin-gen41p55	switch_reference	ngenin	converb_like_but_unresolved	blocked_or_unresolved	mite	Faro'	Genesis 41:55	Old Testament	Egypt gam khempeuh a kial ciangin, an ngenin mite Faro' tungah kiko uh hi.	Egypt | gam | khempeuh | a | kial | ciang-in | an | ngen-in | mi-te | Faro' | tung-ah | kiko | uh | hi	EGYPT | land | all | 3SG | hunger | then-ERG | 3PL.POSS | pray-CVB | person-PL | FARO' | on-LOC | cry.out | 2/3PL | DECL	And when all the land of Egypt was famished, the people cried to Pharaoh for bread.	blocked	blocked	blocked_or_unresolved	The report's same-subject VERB-in anchor survives here only as a blocked review candidate.	Analyzer export splits between net-IN and pray-CVB, so the morphology is not secure enough for print promotion.
sr-ciangin-gen1p3	switch_reference	ciangin	temporal_subordinator	not_diagnostic	implicit / not tracked	God	Genesis 1:3	Old Testament	Pasian in, “Khuavak om hen,” ci hi; tua ciangin khuavak om pah hi.	Pasian in | Khuavak om hen | ci hi | tua | ciang-in | khuavak | om pah hi	God ERG | light exist JUSS | say DECL | that | then-ERG | light | exist do.so DECL	And God said, Let there be light: and there was light.	deferred	boundary_only	temporal_subordination_boundary	The ordinary temporal subordinator stays in boundary control for this packet.	Temporal subordination is useful background, but it does not diagnose subject tracking by itself.
sr-dingin-gen1p14	switch_reference	dingin	purposive_clause_bound_irrealis	not_diagnostic	implicit / not tracked	God	Genesis 1:14	Old Testament	Pasian in, “Sun le zan a khen dingin vantungah khuavakte om hen; tuate pen pawi hun le khuahun, ni le kumte khen nading hi hen la, ...” ci hi.	Pasian in | Sun le zan a khen | ding-in | vantung-ah | khuavak-te | om hen | tuate pen | pawi hun le khuahun | ni le kumte | khen nading | hi hen la	God ERG | sun and night 3SG divide | IRR-ERG | heaven-LOC | light-PL | exist JUSS | those TOP | feast time and season | day and years | divide PURP | DECL JUSS	And God said, Let there be lights in the firmament of the heaven to divide the day from the night.	deferred	boundary_only	purposive_boundary	Purposive `dingin` remains clause-bound irrealis boundary material here.	It overlaps with TAM and purpose rather than giving a clean subject-tracking contrast.
sr-abawlmi-ex30p38	switch_reference	a bawl mi	prenominal_relative_clause	not_diagnostic	person / relative head	person / head noun	Exodus 30:38	Old Testament	paknamtui a bawl mi peuhmah	paknamtui | a | bawl | mi | peuhmah	perfume | 3SG.REL | make | person | every	whoever makes any like it	deferred	boundary_only	relative_clause_boundary	Clear prenominal relative-clause evidence, but still boundary material for the switch-reference packet.	The `a-` relativizer overlaps with prefix/agreement questions.
sr-omna-gen4p16	switch_reference	omna	nominalized_relative	not_diagnostic	nominalized relative clause	Kain	Genesis 4:16	Old Testament	Tua ciangin Topa' omna panin Kain paikhia-in Eden nisuahna lam Nod gam sungah a teng hi.	Tua | ciang-in | Topa' | omna | pan-in | Kain | paikhia-in | Eden | nisuahna | lam | Nod | gam | sung-ah | a | teng | hi	that | then-ERG | LORD.POSS | place.of.being | ABL-CVB | Kain | go.out-CVB | Eden | eastward | direction | Nod | land | inside-LOC | 3SG | dwell | DECL	And Cain went out from the presence of the LORD, and dwelt in the land of Nod, on the east of Eden.	deferred	boundary_only	nominalization_boundary	Nominalized relative material stays boundary-controlled rather than feeding the core subject-tracking claim.	Nominalization and clause linkage are still not cleanly separable here.
sr-muhnaah-gen6p11	switch_reference	muhna-ah	nominalization_plus_case	not_diagnostic	not a subject-tracking clause	God	Genesis 6:11	Old Testament	Tu-in Pasian' muhna-ah leitung sia a.	Tu-in | Pasian' | muh-na-ah | leitung | sia | a	now-ERG | God.GEN | see-NMLZ-LOC | earth | corrupt | DECL	Now the earth was corrupt in the sight of God.	deferred	boundary_only	nominalization_boundary	Nominalization-plus-case sight expression remains boundary material.	It belongs with nominalization and case routing, not with switch-reference diagnostics.
