candidate_id	topic	construction_id	numeral_type	numeral_value	numeral_form	construction_type	verse_id	reference	surface_span	token_indices	segmentation_span	gloss_span	lemma_span	pos_span	kjv	candidate_status	confidence	print_status	why_selected	why_excluded	manual_review_status	notes
num_card_gen11_10_kum_nih	numerals	numeral-nih	cardinal	2	nih	simple_cardinal	01011010	Genesis 11:10	kum nih	14-15	kum | nih	year | two	kum | nih	N | NUM	These are the generations of Shem: Shem was an hundred years old, and begat Arphaxad two years after the flood:	accepted	high	print_ready	Analyzer confirms a clean post-nominal year-counting phrase for basic cardinal `nih`.		reviewed	Keep as plain `kum nih` evidence; this route is curated rather than a broad search for every numeral-looking token.
num_card_gen7_10_ni_sagih	numerals	numeral-sagih	cardinal	7	sagih	noun_plus_numeral	01007010	Genesis 7:10	ni sagih	1-2	ni | sagih	day | seven	ni | sagih	N | NUM	And it came to pass after seven days, that the waters of the flood were upon the earth.	accepted	high	print_ready	Analyzer confirms a short time-unit counting phrase for basic cardinal `sagih`.		reviewed	Useful plain noun-plus-numeral evidence without broadening into a full numeral chapter.
num_compound_gen5_9_kum_sawmkua	numerals	numeral-sawmkua	compound_cardinal	90	sawmkua	compound_tens	01005009	Genesis 5:9	kum sawmkua	1-2	kum | sawm-kua	year | ten-nine	kum | sawm	N | N	And Enos lived ninety years, and begat Cainan:	accepted	high	print_ready	Analyzer confirms `sawmkua` as a clean compound-ten row and keeps numeral `kua = nine` visible on the numeral side of the ambiguity.		reviewed	Use as the primary accepted numeral control showing `kua` inside a numeral compound rather than as interrogative `who`.
num_boundary_gen32_24_mi_khat	numerals	numeral-khat-boundary	indefinite_or_quantifier_overlap	1	khat	khat_indefinite_boundary	01032024	Genesis 32:24	mi khat	9-10	mi | khat	person | one	mi | khat	N | NUM	And Jacob was left alone; and there wrestled a man with him until the breaking of the day.	accepted_with_caveat	medium	print_usable_with_caveat	`mi khat` is the clearest familiar analyzer-backed `khat` row, but it sits exactly on the numeral versus indefinite boundary that the packet needs to keep explicit.		reviewed	Treat as boundary evidence (`one person` / `a man`), not as an uncomplicated print anchor for bare numeral `one`.
num_ordinal_gen7_11_nihna	numerals	numeral-nihna	ordinal	2	nihna	ordinal_na	01007011	Genesis 7:11	nihna	7	nih-na	two-NMLZ	nih	N	In the six hundredth year of Noah's life, in the second month, the seventeenth day of the month, the same day were all the fountains of the great deep broken up, and the windows of heaven were opened.	accepted	high	print_ready	Analyzer confirms a clean `-na` ordinal token for the basic ordinal layer.		reviewed	Keep the tight ordinal token instead of promoting the noisier surrounding month-day expression in this first pass.
num_mult_gen31_7_sawmvei	numerals	numeral-sawmvei	multiplicative	10	sawmvei	classifier_vei_sawm	01031007	Genesis 31:7	sawmvei	10	sawm-vei	ten-times	sawm	N	And your father hath deceived me, and changed my wages ten times; but God suffered him not to hurt me.	accepted_with_caveat	medium	print_usable_with_caveat	Keeps a compact occurrence-counting expression in the candidate layer without trying to build the full classifier system yet.		reviewed	The generated report paraphrases this as `vei sawm`, but the current analyzer export preserves fused `sawmvei`; keep the export-backed form as the control.
num_large_gen5_27_kum_zakua_kum_sawmguk_kua	numerals	numeral-large-number	large_number	969	zakua ... sawmguk ... kua	large_number_phrase	01005027	Genesis 5:27	kum zakua le kum sawmguk le kua	7-13	kum | za-kua | le | kum | sawm-guk | le | kua	year | hundred-nine | and | year | ten-six | and | who	kum | za | le | kum | sawm | le | kua	N | N | CONJ | N | N | CONJ | NUM	and all the days of Methuselah were nine hundred sixty and nine years: and he died.	accepted_with_caveat	medium	print_usable_with_caveat	Keeps biblical large-number style visible in the candidate layer and preserves a second numeral-side `kua` context without turning the first pass into a full numerals chapter.		reviewed	The export compresses the hundred-plus-nine material into `zakua` and leaves final `kua` as a standalone token, so keep this as candidate-level large-number evidence with a visible analyzer caveat.
num_falsefriend_gen48_8_hihte_kua_ahi_hiam	numerals	numeral-kua-false-friend	false_friend		kua	kua_who_false_friend	01048008	Genesis 48:8	“Hihte kua ahi hiam?”	9-12	Hihte | kua | ahi | hiam	HIHTE | who | be.3SG | Q	“Hihte | kua | ahi | hiam	PROP | NUM | V | FUNC	And Israel beheld Joseph's sons, and said, Who are these?	excluded	high	blocked	Explicit ambiguity control so raw `kua` matching cannot pull interrogative `who` rows into the numeral packet as `nine`.	This is the familiar interrogative `who` clause `Hihte kua ahi hiam?`, not numeral `kua = nine` evidence.	reviewed	Reuse the already-audited interrogative window as a blocked numeral false friend instead of rediscovering it later via raw search.
num_dist_gen7_2_sagih_sagih	numerals	numeral-distributive-sagih	distributive	7	sagih sagih	numeral_reduplication	01007002	Genesis 7:2	sagih	4	sagih	seven	sagih	NUM	Of every clean beast thou shalt take to thee by sevens, the male and his female: and of beasts that are not clean by two, the male and his female.	deferred	low	not_print_ready	The generated numerals report treats Genesis 7:2 as distributive `sagih sagih`, so the candidate layer needs one explicit placeholder for that tempting pattern.	The current analyzer export preserves only a single `sagih` token in this counting span, so the expected reduplicated distributive form is not yet analyzer-backed here.	needs_followup	Keep deferred rather than importing the report's distributive wording into the candidate layer without an analyzer-confirmed repeated numeral span.
