candidate_id	topic	candidate_group	candidate_form	construction_type	source_type	source_reference	anchor_form	segmentation_span	gloss_span	rough_function	candidate_status	confidence	print_status	why_selected	why_excluded	manual_review_status	notes
noun_simple_gam	noun_domain	simple_noun_stem	free_noun_stem	report	`docs/grammar/reports/03-noun-01-simple.md` §gam; `docs/grammar/reports/03-noun-01-simple.md` overview	gam	gam	land	simple noun stem with clear plural-plus-case behavior	accepted	high	print_ready	Cleanest simple noun anchor for a future grammar slice because the report shows `gam`, `gam-te`, `gam-'`, `gam-in`, `gam-ah`, and the template `gam-te-ah`.	Not by itself a whole noun chapter.	selected_for_scoping	Best single free-stem anchor for noun-domain scoping.
noun_simple_aksi_plural	noun_domain	simple_noun_plural_row	simple_noun_plus_plural	report	`docs/grammar/reports/03-noun-01-simple.md` §aksi	aksi / aksi-te	aksi / aksi-te	star / star-PL	simple noun row that keeps plural marking visible without reopening NP structure	accepted	high	print_ready	Useful second anchor because it shows an ordinary simple noun with a clearly attested plural form.	Does not itself settle all noun classes or case behavior.	selected_for_scoping	Supports a future small simple-noun-stem slice with explicit plural evidence.
noun_compound_minam	noun_domain	transparent_compound	transparent_noun_compound	report+audit	`docs/grammar/reports/03-noun-02-compounds.md` §minam; `docs/grammar/compound_transparency_audit.md` transparent-compound framing	minam	mi-nam	person-country	transparent compound noun with ordinary plural and case behavior	accepted	high	print_usable_with_caveat	Good transparent-compound candidate because the report shows consistent nominal behavior and the segmentation stays readable.	A lexical noun compound is still more dictionary-heavy than a simple stem anchor.	selected_for_scoping	Keep as a possible later compound slice anchor, not as the first noun-domain claim.
noun_compound_thugen	noun_domain	transparent_compound	transparent_noun_compound	report+audit	`docs/grammar/reports/03-noun-02-compounds.md` §thugen; `docs/grammar/compound_transparency_audit.md` transparent-compound framing	thugen	thu-gen	word-speak	transparent compound noun with productive-looking nominal behavior	accepted	high	print_usable_with_caveat	Useful second transparent compound because it shows case and plural behavior on a segmented compound that is not a proper name.	Still more lexicalized than the cleanest simple-noun-stem anchors.	selected_for_scoping	Good compound comparison row beside `minam`.
noun_compound_singnai_boundary	noun_domain	compound_transparency_boundary	compound_transparency_problem	report+audit+lexical_note	`docs/grammar/reports/03-noun-02-compounds.md` §singnai; `docs/grammar/compound_transparency_audit.md` opaque-compound review; `docs/grammar/opaque_lexemes.md` §singnai	singnai	sing-nai	tree-precious / bdellium	compound-transparency boundary row	deferred	medium	boundary_only	Selected because the reports and audits disagree enough to make it a useful boundary-control item.	It is too lexicalized or etymologically unsettled for a first print-facing compound claim.	selected_for_scoping	Keep visible as a transparency-boundary warning.
noun_compound_sanggam_opaque	noun_domain	opaque_lexicalized_compound	opaque_lexicalized_noun	audit+lexical_note	`docs/grammar/compound_transparency_audit.md` confirmed opaque lexemes; `docs/grammar/opaque_lexemes.md` §sanggam	sanggam	sang-gam	high-land / brother	opaque or lexicalized noun that should stay out of a first compound slice	deferred	high	boundary_only	Selected as the clearest opaque-compound example in the noun-domain packet.	It is lexicalized and not a safe anchor for grammar prose about transparent compounds.	selected_for_scoping	Useful contrast against `minam` and `thugen`.
noun_nominalization_kholhna	noun_domain	cross_packet_nominalization_boundary	lexicalized_nominalized_noun	audit+lexical_note	`docs/grammar/compound_transparency_audit.md` confirmed opaque lexemes; `docs/grammar/opaque_lexemes.md` §kholhna	kholhna	kholh-na	INTENS-NMLZ / divination	cross-packet nominalized noun boundary row	deferred	high	boundary_only	Selected because it looks segmentable but actually belongs partly to lexicalized nominalization material.	It should remain with nominalization and lexicalization questions rather than becoming a first noun-domain anchor.	selected_for_scoping	Explicit nominalization boundary row.
noun_proper_abraham	noun_domain	proper_noun_anchor	proper_name_case_behavior	report	`docs/grammar/reports/03-noun-03-proper.md` §Abraham	Abraham	Abraham	Abraham	proper noun with ordinary case-like nominal behavior	accepted_with_caveat	medium	print_usable_with_caveat	Selected as a clean proper-name row because the report shows stable absolutive and genitive behavior without extra structural complications.	Proper nouns are more lexical-inventory-like than the cleanest simple noun stems.	selected_for_scoping	Keep as evidence that proper names belong on the noun-domain map, but probably not in the first slice.
noun_proper_topa_boundary	noun_domain	title_like_proper_name	title_like_or_lexicalized_name	report+boundary	`docs/grammar/reports/03-noun-03-proper.md` §Topa; `output/publication_review/review_notes_np_possession.md`	Topa	Topa	Lord	title-like proper-name material with noun-domain relevance but heavy editorial boundary pressure	deferred	medium	boundary_only	Selected because the proper-noun report includes it and it will recur in noun-domain and NP-adjacent material.	It is title-like, theological, and closely tied to apostrophe/genitive and possession boundaries.	selected_for_scoping	Use as a deferred proper-name boundary row, not as a clean proper-noun anchor.
