example_id	numeral_topic	candidate_form	construction_type	source_reference	source_zone	tedim_text	segmentation	gloss	translation	example_quality	print_status	why_selected	caveat
num_norm_ot_kum_nih	cardinals	nih	noun_plus_numeral	Genesis 11:10	Old Testament	kum nih	kum | nih	year | two	two years	high	print_ready	Clean candidate-controlled counted-noun example for noun-plus-numeral order.	
num_norm_ot_ni_sagih	cardinals	sagih	noun_plus_numeral	Genesis 7:10	Old Testament	ni sagih	ni | sagih	day | seven	seven days	high	print_ready	Clean candidate-controlled day-counting phrase retained from the original packet.	
num_norm_ot_sawmkua	decimal_composition	sawmkua	compound_tens	Genesis 5:9	Old Testament	kum sawmkua	kum | sawm-kua	year | ten-nine	ninety years	high	print_ready	Primary controlled compound-ten example and main numeral-side control for kua = nine.	Lemma and POS export remain flattened in the current candidate layer.
num_norm_ot_nihna	ordinals	nihna	ordinal_na	Genesis 7:11	Old Testament	nihna	nih-na	two-NMLZ	second	high	print_ready	Best controlled ordinal anchor for the normalized section.	pos_span = N in the current export.
num_norm_ot_sawmvei	classifier_like	sawmvei	occurrence_counting	Genesis 31:7	Old Testament	sawmvei	sawm-vei	ten-times	ten times	medium	print_usable_with_caveat	Best controlled occurrence-counting expression; keeps classifier-like material visible without forcing a full classifier system.	Generated report wording vei sawm should not replace the export-backed fused form.
num_norm_ot_mi_khat	ambiguity_control	khat	numeral_indefinite_boundary	Genesis 32:24	Old Testament	mi khat	mi | khat	person | one	a man / one person	medium	print_usable_with_caveat	Best controlled khat boundary row for the normalized section.	Boundary between numeral one and indefinite-like reference remains explicit.
num_norm_ot_large	decimal_composition	kua	large_number_phrase	Genesis 5:27	Old Testament	kum zakua le kum sawmguk le kua	kum | za-kua | le | kum | sawm-guk | le | kua	year | hundred-nine | and | year | ten-six | and | nine [export: who]	nine hundred sixty and nine years	medium	print_usable_with_caveat	Keeps large-number style visible in the normalized section.	Final kua is glossed as who in the current export; za-kua is compressed.
num_norm_gospel_ni_li	cardinals	li	noun_plus_numeral	John 11:39	Gospels	ni li	ni | li	day | four	four days	high	print_ready	Clean Gospel counted-noun example added for source balance in the normalization pilot.	
num_norm_gospel_kum_sawm_le_nih	decimal_composition	sawm le nih	compound_counted_numeral	Matthew 9:20	Gospels	kum sawm le nih	kum | sawm | le | nih	year | ten | and | two	twelve years	high	print_ready	Clean Gospel counted-noun expression with a compound numeral; helps the section avoid Genesis-only sourcing.	
