example_id	transitivity_topic	candidate_form	construction_type	source_reference	source_zone	tedim_text	segmentation	gloss	translation	example_quality	print_status	why_selected	caveat
transnorm-sih-gen11	intransitive	sih	simple_intransitive	Genesis 11:28	Old Testament	Haran si hi	Haran | si | hi	Haran | die | DECL	Haran died	high	print_ready	Cleanest compact Old Testament intransitive anchor for sih.	The example is minimal and does not itself define the whole intransitive system.
transnorm-sih-matt22	intransitive	sih	simple_intransitive	Matthew 22:27	Gospels	a numei zong a si hi	a | numei | zong | a | si | hi	3SG.POSS | woman | also | 3SG | die | DECL	the woman also died	high	print_ready	Gospel counterpart for the same death-predicate anchor.	The wording is compact but comes from a larger narrative sequence.
transnorm-suak-gen26	intransitive	suak	change_of_state_intransitive	Genesis 26:13	Old Testament	a hau mahmah khat a suak hi	a | hau | mahmah | khat | a | suak | hi	3SG | rich | very | one | 3SG | become | DECL	he became very rich	high	print_ready	Clean Old Testament change-of-state example for suak.	The adjective-like predicate keeps the row supportive rather than chapter-leading.
transnorm-suak-matt12	intransitive	suak	change_of_state_intransitive	Matthew 12:25	Gospels	tua gam a sia suak ding hi	tua | gam | a | sia | suak | ding | hi	that | kingdom | 3SG | ruined | become | IRR | DECL	that kingdom will become ruined	high	print_ready	Gospel counterpart showing suak in a change-of-state clause.	The clause is future-like rather than a simple present statement.
transnorm-hawl-1chr13	transitive	hawl	transitive_anchor_with_caveat	1 Chronicles 13:7	Old Testament	Uzza le Ahio in a leeng a hawl uh hi	Uzza | le | Ahio | in | a | leeng | a | hawl | uh | hi	Uzza | and | Ahio | ERG | 3SG.POSS | cart | 3SG | steer | 2/3PL | DECL	Uzza and Ahio drove the cart	medium	print_usable_with_caveat	Best currently printable hawl example for a simple object-taking transitive row.	No equally clean Gospel example is currently used for this exact hawl row, and the attested lexical range is narrower than the report gloss seek.
transnorm-en-gen1	transitive	en	perception_transitive	Genesis 1:31	Old Testament	Pasian in a bawlsate khempeuh en a	Pasian | in | a | bawl-sa-te | khempeuh | en | a	God | ERG | 3SG.POSS | make-NMLZ-PL | all | look.at | 3SG	God looked at all that he had made	high	print_ready	Clean Old Testament support for en as a transitive perception verb.	The object phrase is nominalized rather than a bare noun.
transnorm-en-matt27	transitive	en	perception_transitive	Matthew 27:36	Gospels	Jesuh a en uh hi	Jesuh | a | en | uh | hi	Jesus | 3SG | look.at | 2/3PL | DECL	they watched Jesus	high	print_ready	Gospel counterpart for the same transitive perception row.	The example is intentionally short and context-dependent.
transnorm-mu-gen6	stem_boundary	mu	form_i_boundary	Genesis 6:8	Old Testament	Noah in Topa' maipha mu hi	Noah | in | Topa' | maipha | mu | hi	Noah | ERG | Lord.POSS | favor | see | DECL	Noah found favor with the Lord	high	print_ready	Compact Form I row for the transitivity and stem-alternation boundary.	The perception semantics broaden into an idiomatic found favor reading.
transnorm-muh-matt2	stem_boundary	muh	form_ii_boundary	Matthew 2:10	Gospels	Tua aksi a muh uh ciangin	tua | aksi | a | muh | uh | ciangin	that | star | 3SG | see.II | 2/3PL | when	when they saw the star	high	print_ready	Gospel Form II counterpart for the same boundary family.	The clause is dependent rather than a simple matrix predicate.
