example_id	coordinator_topic	candidate_form	construction_type	source_reference	source_zone	tedim_text	segmentation	gloss	translation	example_quality	print_status	why_selected	caveat
ex:coord-le-np	np-coordination	le	NP coordination	Genesis 1:1	OT	vantung le leitung	van-tung | le | lei-tung	sky-on | and | land-on	heaven and earth	high	formal	Core NP-coordination anchor with minimal ambiguity.	None.
ex:coord-le-np-matt24-35	np-coordination	le	NP coordination	Matthew 24:35	Gospel	Van le lei	Van | le | lei	heaven | and | earth	heaven and earth	high	formal	Gospel comparandum for clean NP coordination with le.	None.
ex:coord-leh-boundary	leh-boundary	leh	conditional boundary linker	Genesis 13:9	OT	veilam na lak leh kei taklamah ka pai ding hi	vei-lam | na | lak | leh | kei | taklam-ah | ka | pai | ding | hi	faint-direction | 2SG | among | and/if | NEG [export caveat] | right-LOC | 1SG | go | IRR | DECL	if thou wilt take the left hand, then I will go to the right	medium	formal	Controlled boundary evidence for conditional leh without flattening to simple and.	Export caveat: kei is glossed NEG in this span.
ex:coord-a-sequential-boundary	sequential-a	a	sequential linker boundary	Genesis 2:10	OT	luang a tua mun panin gun hong kikhenin	luang | a | tua | mun | pan-in | gun | hong | kikhen-in	flow | 3SG | that | place | ABL-ERG | river | 3→1 | separate-CVB	and from thence it was parted	medium	formal	Keeps sequential a visible while preserving agreement/function caveat.	Not promoted as unrestricted coordinator evidence.
ex:coord-mawh-gen6-3-control	mawh-deferred	mawh	deferred disjunction material	Genesis 6:3	OT	mawh	mawh	sin [export]	sin	low	deferred	Records current mawh control row considered during normalization.	Current controlled row is lexical/analyzer-noise material.
ex:coord-ahih-hangin	adversative	Ahih hangin	adversative connector	Genesis 3:4	OT	Ahih hangin	Ahih | hang-in	be.3SG.REL | because-ERG	but	medium	formal	Compact OT anchor for caveated adversative connector use.	Internal analysis caution (`ahih` + `hang-in`) remains.
ex:coord-ahih-hangin-mark3-4	adversative	Ahih hangin	adversative connector	Mark 3:4	Gospel	Ahih hangin kuamah in dawng lo hi.	Ahih | hang-in | kuamah | in | dawng | lo | hi	be.3SG.REL | because-ERG | nobody | ERG | answer | NEG | DECL	but no one answered	medium	formal	Gospel comparandum for the same connector.	Clause also contains negation and should not be overgeneralized.
ex:coord-ahih-kei-leh	conditional-adversative	ahih kei leh	conditional-adversative boundary connector	Exodus 12:3	OT	ahih kei leh	ahih | kei | leh	be.3SG.REL | NEG | and/if	otherwise / if not	high	formal	Compact OT boundary anchor for ahih kei leh.	Not a simple coordinator.
ex:coord-ahih-kei-leh-matt11-3	conditional-adversative	ahih kei leh	conditional-adversative boundary connector	Matthew 11:3	Gospel	tua ahih kei leh	tua | ahih | kei | leh	that | be.3SG.REL | NEG | and/if	or else / if not	high	formal	Gospel comparandum for the same conditional-adversative frame.	Not promoted as plain conjunction.
