pair_id	form_i	form_ii	gloss	alternation_type	form_i_total	form_ii_total	total	dominant_form_i_environments	dominant_form_ii_environments	analyzer_status	used_in_print_packet	in_candidate_tsv	candidate_statuses	publication_status	recommendation	notes
bawl-bawlh	bawl	bawlh	make	+h	2806	0	2806	finite_main_or_matrix:2036; nominalized_na:187; negative_clause:184		known_to_analyzer	no	no		needs_analyzer_review	needs_analyzer_review	
bia-biak	bia	biak	worship	+k	287	2793	3080	finite_main_or_matrix:194; purpose_nadingin:27; negative_clause:26	nominalized_na:1551; unknown_or_needs_review:914; purpose_nadingin:163	known_to_analyzer	yes	no		needs_analyzer_review	candidate_for_expansion	
ci-cih	ci	cih	say	+h	8244	3476	11720	finite_main_or_matrix:7540; negative_clause:305; imperative_or_directive:110	quotative_or_say_complement:2048; finite_main_or_matrix:813; nominalized_na:314	known_to_analyzer	yes	no		needs_analyzer_review	candidate_for_expansion	
dipkua-dipkuat	dipkua	dipkuat	haste	+t	11	1	12	unknown_or_needs_review:7; finite_main_or_matrix:4	nominalized_na:1	known_to_analyzer	no	no		needs_analyzer_review	candidate_for_expansion	
gamla-gamlat	gamla	gamlat	wilderness	+t	81	1	82	unknown_or_needs_review:57; negative_clause:14; finite_main_or_matrix:9	unknown_or_needs_review:1	known_to_analyzer	yes	no		needs_analyzer_review	candidate_for_expansion	
gen-genh	gen	genh	speak	+h	3579	0	3579	finite_main_or_matrix:2036; unknown_or_needs_review:476; imperative_or_directive:266		known_to_analyzer	no	no		needs_analyzer_review	needs_analyzer_review	
hawlkhia-hawlkhiat	hawlkhia	hawlkhiat	drive.out	+t	164	22	186	finite_main_or_matrix:130; negative_clause:23; imperative_or_directive:4	unknown_or_needs_review:15; finite_main_or_matrix:5; negative_clause:1	known_to_analyzer	no	no		needs_analyzer_review	candidate_for_expansion	
hi-hih	hi	hih	be	+h	47853	6399	54252	finite_main_or_matrix:34200; quotative_or_say_complement:7851; negative_clause:5274	unknown_or_needs_review:4660; nominalized_na:572; negative_clause:366	known_to_analyzer	yes	no		needs_analyzer_review	candidate_for_expansion	
honkhia-honkhiat	honkhia	honkhiat	bring.out	+t	363	1	364	compound_or_lexicalized:363	compound_or_lexicalized:1	known_to_analyzer	yes	yes	excluded	exclude_for_now	keep_excluded	
hu-huh	hu	huh	help	+h	164	464	628	compound_or_lexicalized:164	compound_or_lexicalized:464	packet_pair_not_in_VERB_STEM_PAIRS	yes	no		exclude_for_now	keep_excluded	Present in the stem packet, but absent from VERB_STEM_PAIRS.
husia-husiat	husia	husiat	tempest	+t	9	0	9	finite_main_or_matrix:6; unknown_or_needs_review:2; imperative_or_directive:1		known_to_analyzer	no	no		needs_analyzer_review	needs_analyzer_review	
keu-keuh	keu	keuh	dig	+h	166	7	173	unknown_or_needs_review:89; finite_main_or_matrix:44; causative_or_derivational_sak:15	finite_main_or_matrix:5; causative_or_derivational_sak:1; negative_clause:1	known_to_analyzer	no	no		needs_analyzer_review	candidate_for_expansion	
khai-khaih	khai	khaih	hold	+h	235	2	237	unknown_or_needs_review:94; finite_main_or_matrix:85; nominalized_na:35	unknown_or_needs_review:2	known_to_analyzer	no	no		needs_analyzer_review	candidate_for_expansion	
khial-khialh	khial	khialh	err	+h	268	507	775	finite_main_or_matrix:153; unknown_or_needs_review:41; negative_clause:37	nominalized_na:420; finite_main_or_matrix:40; causative_or_derivational_sak:23	known_to_analyzer	no	no		needs_analyzer_review	candidate_for_expansion	
kho-khoh	kho	khoh	labor	+h	77	6	83	finite_main_or_matrix:38; negative_clause:32; purpose_nadingin:4	unknown_or_needs_review:4; finite_main_or_matrix:1; causative_or_derivational_sak:1	known_to_analyzer	no	no		needs_analyzer_review	candidate_for_expansion	Shared Form I base with kho-khot.
kho-khot	kho	khot	labor	+t	0	2	2		unknown_or_needs_review:2	known_to_analyzer	no	no		needs_analyzer_review	needs_analyzer_review	Shared Form I base with kho-khoh.
khua-khuat	khua	khuat	town	+t	3708	3	3711	unknown_or_needs_review:2810; finite_main_or_matrix:653; negative_clause:60	finite_main_or_matrix:2; unknown_or_needs_review:1	known_to_analyzer	yes	no		needs_analyzer_review	candidate_for_expansion	
kia-kiak	kia	kiak	fear	+k	179	14	193	finite_main_or_matrix:126; negative_clause:24; causative_or_derivational_sak:16	finite_main_or_matrix:13; unknown_or_needs_review:1	known_to_analyzer	no	no		needs_analyzer_review	candidate_for_expansion	
kido-kidot	kido	kidot	fight	+t	99	3	102	finite_main_or_matrix:47; nominalized_na:34; purpose_nadingin:8	dependent_temporal_ciangin:1; nominalized_na:1; finite_main_or_matrix:1	known_to_analyzer	no	no		needs_analyzer_review	candidate_for_expansion	
lampi-lampih	lampi	lampih	way	+h	362	1	363	unknown_or_needs_review:254; finite_main_or_matrix:77; negative_clause:25	negative_clause:1	known_to_analyzer	yes	no		needs_analyzer_review	candidate_for_expansion	
lua-luah	lua	luah	exceed	+h	220	254	474	unknown_or_needs_review:103; finite_main_or_matrix:73; negative_clause:36	finite_main_or_matrix:149; purpose_nadingin:46; unknown_or_needs_review:17	known_to_analyzer	no	no		needs_analyzer_review	candidate_for_expansion	
mu-muh	mu	muh	see	+h	1361	993	2354	finite_main_or_matrix:1008; negative_clause:246; imperative_or_directive:27	finite_main_or_matrix:406; nominalized_na:295; dependent_temporal_ciangin:173	known_to_analyzer	yes	yes	accepted	print_ready	interpretive_revision_of_slice	Shared Form I base with mu-muk.
mu-muk	mu	muk	see	+k	2	34	36	finite_main_or_matrix:2	unknown_or_needs_review:26; finite_main_or_matrix:7; imperative_or_directive:1	known_to_analyzer	yes	no		needs_analyzer_review	candidate_for_expansion	Shared Form I base with mu-muh.
mual-mualh	mual	mualh	mountain	+h	864	1	865	unknown_or_needs_review:736; finite_main_or_matrix:103; negative_clause:12	quotative_or_say_complement:1	known_to_analyzer	yes	no		needs_analyzer_review	candidate_for_expansion	
ne-neh	ne	neh	eat	+h	0	33	33		finite_main_or_matrix:13; unknown_or_needs_review:13; negative_clause:6	known_to_analyzer	no	no		needs_analyzer_review	needs_analyzer_review	Shared Form I base with ne-nek.
ne-nek	ne	nek	eat	+k	774	441	1215	finite_main_or_matrix:514; negative_clause:138; purpose_nadingin:32	finite_main_or_matrix:279; nominalized_na:55; purpose_nadingin:41	known_to_analyzer	yes	yes	accepted	print_ready	interpretive_revision_of_slice	Shared Form I base with ne-neh.
nei-neih	nei	neih	have	+h	2126	823	2949	finite_main_or_matrix:1472; negative_clause:421; unknown_or_needs_review:91	finite_main_or_matrix:579; nominalized_na:80; negative_clause:54	known_to_analyzer	yes	yes	accepted	print_ready	interpretive_revision_of_slice	
ngai-ngaih	ngai	ngaih	think	+h	532	535	1585	finite_main_or_matrix:242; imperative_or_directive:153; negative_clause:111	compound_or_lexicalized:378; finite_main_or_matrix:95; unknown_or_needs_review:19	known_to_analyzer	yes	yes	excluded	dossier_only	interpretive_revision_of_slice	
no-noh	no	noh	young	+h	755	2	757	unknown_or_needs_review:555; nominalized_na:129; finite_main_or_matrix:20	unknown_or_needs_review:1; finite_main_or_matrix:1	known_to_analyzer	yes	no		needs_analyzer_review	candidate_for_expansion	
nusia-nusiat	nusia	nusiat	abandon	+t	370	56	426	finite_main_or_matrix:252; negative_clause:87; unknown_or_needs_review:16	unknown_or_needs_review:26; finite_main_or_matrix:15; negative_clause:6	known_to_analyzer	yes	yes	accepted	print_usable_with_caveat	interpretive_revision_of_slice	
om-omh	om	omh	exist	+h	6674	0	6674	unknown_or_needs_review:3019; finite_main_or_matrix:1613; negative_clause:1021		known_to_analyzer	yes	no		needs_analyzer_review	needs_analyzer_review	
pai-paih	pai	paih	go	+h	5736	63	5799	finite_main_or_matrix:4279; imperative_or_directive:332; negative_clause:319	finite_main_or_matrix:22; nominalized_na:19; causative_or_derivational_sak:13	known_to_analyzer	yes	no		needs_analyzer_review	candidate_for_expansion	
pia-piak	pia	piak	give	+k	2832	1315	4147	finite_main_or_matrix:2226; unknown_or_needs_review:183; negative_clause:177	finite_main_or_matrix:686; nominalized_na:262; purpose_nadingin:141	known_to_analyzer	yes	yes	accepted, excluded	print_usable_with_caveat	interpretive_revision_of_slice	
piang-pian	piang	pian	be.born	-ng > -n	389	252	895	finite_main_or_matrix:308; unknown_or_needs_review:33; negative_clause:27	unknown_or_needs_review:89; nominalized_na:54; causative_or_derivational_sak:44	packet_pair_not_in_VERB_STEM_PAIRS	yes	yes	needs_review	dossier_only	interpretive_revision_of_slice	Present in the stem packet, but absent from VERB_STEM_PAIRS.
pua-puah	pua	puah	bet	+h	0	123	123		finite_main_or_matrix:84; purpose_nadingin:13; unknown_or_needs_review:6	known_to_analyzer	yes	no		needs_analyzer_review	needs_analyzer_review	Shared Form I base with pua-puak.
pua-puak	pua	puak	spill	+k	317	357	674	finite_main_or_matrix:263; imperative_or_directive:15; causative_or_derivational_sak:15	finite_main_or_matrix:277; purpose_nadingin:23; imperative_or_directive:15	known_to_analyzer	yes	no		needs_analyzer_review	candidate_for_expansion	Shared Form I base with pua-puah.
sawlkhia-sawlkhiat	sawlkhia	sawlkhiat	send.forth	+t	40	4	44	finite_main_or_matrix:35; imperative_or_directive:3; negative_clause:2	finite_main_or_matrix:2; negative_clause:1; nominalized_na:1	known_to_analyzer	no	no		needs_analyzer_review	candidate_for_expansion	
sia-siah	sia	siah	decay	+h	1126	167	1293	unknown_or_needs_review:483; finite_main_or_matrix:422; negative_clause:72	unknown_or_needs_review:110; finite_main_or_matrix:28; nominalized_na:14	known_to_analyzer	no	no		needs_analyzer_review	candidate_for_expansion	
sum-sumh	sum	sumh	money	+h	641	1	642	unknown_or_needs_review:395; finite_main_or_matrix:180; nominalized_na:24	unknown_or_needs_review:1	known_to_analyzer	yes	no		needs_analyzer_review	candidate_for_expansion	
tan-tanh	tan	tanh	spread	+h	151	84	235	finite_main_or_matrix:83; unknown_or_needs_review:29; causative_or_derivational_sak:13	unknown_or_needs_review:45; finite_main_or_matrix:24; negative_clause:8	known_to_analyzer	no	no		needs_analyzer_review	candidate_for_expansion	
thei-theih	thei	theih	know	+h	3075	2179	5254	negative_clause:888; unknown_or_needs_review:670; finite_main_or_matrix:667	finite_main_or_matrix:864; purpose_nadingin:646; nominalized_na:256	known_to_analyzer	yes	yes	needs_review	dossier_only	interpretive_revision_of_slice	
thu-thuh	thu	thuh	word	+h	10597	16	10613	unknown_or_needs_review:8128; finite_main_or_matrix:900; negative_clause:634	nominalized_na:8; finite_main_or_matrix:4; unknown_or_needs_review:3	known_to_analyzer	yes	no		needs_analyzer_review	candidate_for_expansion	
tu-tuh	tu	tuh	sit	+h	1987	61	2048	finite_main_or_matrix:1322; unknown_or_needs_review:497; negative_clause:78	finite_main_or_matrix:40; negative_clause:8; nominalized_na:6	known_to_analyzer	no	no		needs_analyzer_review	candidate_for_expansion	
tua-tuah	tua	tuah	do	+h	0	170	170		finite_main_or_matrix:95; unknown_or_needs_review:26; nominalized_na:15	known_to_analyzer	yes	no		needs_analyzer_review	needs_analyzer_review	Shared Form I base with tua-tuak.
tua-tuak	tua	tuak	meet	+k	13274	248	13522	unknown_or_needs_review:8319; dependent_temporal_ciangin:4241; negative_clause:295	finite_main_or_matrix:136; unknown_or_needs_review:69; negative_clause:26	known_to_analyzer	yes	no		needs_analyzer_review	candidate_for_expansion	Shared Form I base with tua-tuah.
tuahpha-tuahphat	tuahpha	tuahphat	quickly	+t	3	1	4	finite_main_or_matrix:2; causative_or_derivational_sak:1	dependent_temporal_ciangin:1	known_to_analyzer	no	no		needs_analyzer_review	candidate_for_expansion	
vial-vialh	vial	vialh	encircle	+h	27	1	28	unknown_or_needs_review:11; finite_main_or_matrix:11; quotative_or_say_complement:4	negative_clause:1	known_to_analyzer	no	no		needs_analyzer_review	candidate_for_expansion	
za-zak	za	zak	hear	+k	1140	491	1631	unknown_or_needs_review:627; finite_main_or_matrix:279; causative_or_derivational_sak:67	finite_main_or_matrix:274; dependent_temporal_ciangin:130; nominalized_na:27	known_to_analyzer	yes	yes	accepted	print_usable_with_caveat	interpretive_revision_of_slice	
zui-zuih	zui	zuih	follow	+h	1004	283	1287	finite_main_or_matrix:772; negative_clause:134; imperative_or_directive:41	finite_main_or_matrix:140; nominalized_na:71; purpose_nadingin:27	known_to_analyzer	no	no		needs_analyzer_review	candidate_for_expansion	
